Title,Phone,Phone Numbers,,,,,,
Not found,Phone Number not found,,,,,,,
HRnetOne Korea,2-6030-8100,,,,,,,
Reed Recruitment South Korea,2-2187-2000,,,,,,,
OK Recruiting - TEFL Job Placement Agency for the teaching jobs in Korea - Korea TEFL Job Board,Phone Number not found,,,,,,,
Grand Placement & General Services Corporation.Private Employment Agency,2-8525-1031,,,,,,,
Holland Recruiting Agency,2-6949-3639,,,,,,,
Not found,Phone Number not found,,,,,,,
HRnetOne Korea,2-6030-8100,,,,,,,
Reed Recruitment South Korea,2-2187-2000,,,,,,,
OK Recruiting - TEFL Job Placement Agency for the teaching jobs in Korea - Korea TEFL Job Board,Phone Number not found,,,,,,,
Grand Placement & General Services Corporation.Private Employment Agency,2-8525-1031,,,,,,,
Holland Recruiting Agency,2-6949-3639,,,,,,,
RDI Worldwide Ltd 알디아이월드와이드리미티드,Phone Number not found,,,,,,,
JAC Recruitment Korea,2-2183-0511,220-88-22718, 2011-3220163, 14-5-00047, 06211, +82 (0) 2 2183 0511,,,,,,
Robert Walters Korea,2-6454-7000,455-751, 45079,,,,,,
Jobbridge,+82 10-5250-369,,,,,,,
Korea Works,2-2232-3723,,,,,,,
Russell Reynolds Associates,2-6030-3200,,,,,,,
JOBBAND 잡밴드,+82 1588-5738,,,,,,,
Korvia Consulting,Phone Number not found,,,,,,,
Korean Horizons,+82 55-274-0926,,,,,,,
Инлёк Мелкий,Phone Number not found,,,,,,,
TALENTism,+82 10-8077-131,,,,,,,
SeoulESL-ESL Consulting,Phone Number not found,,,,,,,
JobpassKorea,+82 10-5169-961,,,,,,,
jinwon job,+82 10-2363-550,,,,,,,
Airswift,+82 70-4769-331,14001, 27001, 18001, 53233, +82 70 4769 3300, 44107, +82 70 4769 3319,,,,,,
Technologia International,+82 70-4784-400,,,,,,,
Airswift,+82 70-4769-330,29 2023, +44 7752 48941,,,,,,
Gorilla Employment agency - 고릴라인력,+82 10-6462-971,,,,,,,
CNK글로벌컨설팅,+82 10-7526-430,569-23-01695, 2022-4190286, 14-5-00014, 033-744-2292,,,,,,
SeoulESL-ESL Consulting,Phone Number not found,,,,,,,
IN KOREA,Phone Number not found,2023-07-26, 2022-04-14, 2022-04-14, 2022-04-14, 2022-04-14, 110-88-00509, +82 2 2038 9210, +82 2 417 3007,,,,,,
Motive Recruiting,Phone Number not found,,,,,,,
recruit,Phone Number not found,,,,,,,
Инлёк Ымсон,Phone Number not found,,,,,,,
Natalya Korea Telecom company,Phone Number not found,,,,,,,
Major Recruitment,+82 10-2705-400,,,,,,,
EnglishTeaching,+82 10-8545-469,,,,,,,
핸즈코리아,2-6083-7791,,,,,,,
코리아써치 KOREA SEARCH(Executive Headhunting),Phone Number not found,,,,,,,
(주)아데코코리아,2-6200-9700,02)6200-9700, 2020-3230259, 14-5-00027, 2020-3,,,,,,
에이씨에스 코리아,+82 70-4190-820,,,,,,,
Taylor Hopkinson South Korea,2-3783-0114,,,,,,,
Brunel Energy Korea Limited,+82 55-687-8967,0510202550100500, 202490,,,,,,
유알커넥션,+82 53-813-1027,,,,,,,
Egon Zehnder,2-3706-8100,,,,,,,
Stanton Chase Korea,Phone Number not found,,,,,,,
iCDCKOREA,2-3453-9110,,,,,,,
맨파워코리아,Phone Number not found,,,,,,,
Rena,+82 10-8694-408,,,,,,,
JOBPOSTINGKOREA,+82 70-7728-058,,,,,,,
,,,,,,,,
